{"topology":[2,3,1],"activation":"sigmoid","weights":[-0.8594864773822115,0.31460624394866077,-0.4065959581142562,-0.29437524650636027,0.09333005020547169,0.9236781965907279,-0.33304592166737823,0.6212404788285735,-0.8744293350866776],"biases":[-0.3339313167682709,0.4981284090955467,-0.21467624788740292,-0.5890090615834747],"generation":0,"mutation_rate":0.1,"fitness_scores":[]}